timeStamp,elapsed,label,responseCode,responseMessage,threadName,dataType,success,failureMessage,bytes,sentBytes,grpThreads,allThreads,URL,Latency,IdleTime,Connect
1781713348244,1282,Request to get the existing repository details,200,OK,Github API Performance Testing 1-4,text,true,,7910,217,16,16,https://api.github.com/repos/bharathtechacademy05/JmeterRepo,1275,0,855
1781713348639,887,Request to get the existing repository details,200,OK,Github API Performance Testing 1-8,text,true,,7908,217,16,16,https://api.github.com/repos/bharathtechacademy05/JmeterRepo,873,0,459
1781713348116,1410,Request to get the existing repository details,200,OK,Github API Performance Testing 1-1,text,true,,7909,217,16,16,https://api.github.com/repos/bharathtechacademy05/JmeterRepo,1403,0,977
1781713348540,987,Request to get the existing repository details,200,OK,Github API Performance Testing 1-7,text,true,,7910,217,16,16,https://api.github.com/repos/bharathtechacademy05/JmeterRepo,979,0,563
1781713348339,1187,Request to get the existing repository details,200,OK,Github API Performance Testing 1-5,text,true,,7910,217,16,16,https://api.github.com/repos/bharathtechacademy05/JmeterRepo,1180,0,763
1781713348142,1384,Request to get the existing repository details,200,OK,Github API Performance Testing 1-3,text,true,,7910,217,16,16,https://api.github.com/repos/bharathtechacademy05/JmeterRepo,1370,0,963
1781713349054,479,Request to get the existing repository details,200,OK,Github API Performance Testing 1-12,text,true,,7910,217,16,16,https://api.github.com/repos/bharathtechacademy05/JmeterRepo,478,0,87
1781713348940,594,Request to get the existing repository details,200,OK,Github API Performance Testing 1-11,text,true,,7910,217,16,16,https://api.github.com/repos/bharathtechacademy05/JmeterRepo,593,0,187
1781713348845,697,Request to get the existing repository details,200,OK,Github API Performance Testing 1-10,text,true,,7910,217,16,16,https://api.github.com/repos/bharathtechacademy05/JmeterRepo,696,0,256
1781713348116,1439,Request to get the existing repository details,200,OK,Github API Performance Testing 1-2,text,true,,7910,217,16,16,https://api.github.com/repos/bharathtechacademy05/JmeterRepo,1439,0,1070
1781713349148,475,Request to get the existing repository details,200,OK,Github API Performance Testing 1-13,text,true,,7911,217,17,17,https://api.github.com/repos/bharathtechacademy05/JmeterRepo,474,0,80
1781713349242,446,Request to get the existing repository details,200,OK,Github API Performance Testing 1-14,text,true,,7911,217,18,18,https://api.github.com/repos/bharathtechacademy05/JmeterRepo,445,0,77
1781713349543,453,Request to update the existing repository details,200,OK,Github API Performance Testing 1-10,text,true,,8102,304,21,21,https://api.github.com/repos/bharathtechacademy05/JmeterRepo,452,0,0
1781713349556,441,Request to update the existing repository details,200,OK,Github API Performance Testing 1-2,text,true,,8101,304,21,21,https://api.github.com/repos/bharathtechacademy05/JmeterRepo,439,0,0
1781713349531,470,Request to update the existing repository details,200,OK,Github API Performance Testing 1-1,text,true,,8101,304,21,21,https://api.github.com/repos/bharathtechacademy05/JmeterRepo,469,0,0
1781713349531,481,Request to update the existing repository details,200,OK,Github API Performance Testing 1-4,text,true,,8102,304,21,21,https://api.github.com/repos/bharathtechacademy05/JmeterRepo,478,0,0
1781713349532,483,Request to update the existing repository details,200,OK,Github API Performance Testing 1-7,text,true,,8102,304,21,21,https://api.github.com/repos/bharathtechacademy05/JmeterRepo,463,0,0
1781713348443,1574,Request to get the existing repository details,200,OK,Github API Performance Testing 1-6,text,true,,7910,217,21,21,https://api.github.com/repos/bharathtechacademy05/JmeterRepo,1555,0,661
1781713349439,565,Request to get the existing repository details,200,OK,Github API Performance Testing 1-16,text,true,,7910,217,21,21,https://api.github.com/repos/bharathtechacademy05/JmeterRepo,565,0,68
1781713349534,485,Request to update the existing repository details,200,OK,Github API Performance Testing 1-12,text,true,,8102,304,21,21,https://api.github.com/repos/bharathtechacademy05/JmeterRepo,484,0,0
1781713349531,473,Request to update the existing repository details,200,OK,Github API Performance Testing 1-8,text,true,,8100,304,21,21,https://api.github.com/repos/bharathtechacademy05/JmeterRepo,471,0,0
1781713349535,472,Request to update the existing repository details,200,OK,Github API Performance Testing 1-11,text,true,,8102,304,21,21,https://api.github.com/repos/bharathtechacademy05/JmeterRepo,460,0,0
1781713349532,491,Request to update the existing repository details,200,OK,Github API Performance Testing 1-3,text,true,,8102,304,21,21,https://api.github.com/repos/bharathtechacademy05/JmeterRepo,491,0,0
1781713349339,676,Request to get the existing repository details,200,OK,Github API Performance Testing 1-15,text,true,,7911,217,21,21,https://api.github.com/repos/bharathtechacademy05/JmeterRepo,674,0,67
1781713349531,488,Request to update the existing repository details,200,OK,Github API Performance Testing 1-5,text,true,,8102,304,21,21,https://api.github.com/repos/bharathtechacademy05/JmeterRepo,487,0,0
1781713349561,693,Request to get the existing repository details,200,OK,Github API Performance Testing 1-17,text,true,,7911,217,24,24,https://api.github.com/repos/bharathtechacademy05/JmeterRepo,693,0,85
1781713349689,565,Request to update the existing repository details,200,OK,Github API Performance Testing 1-14,text,true,,8102,304,24,24,https://api.github.com/repos/bharathtechacademy05/JmeterRepo,565,0,0
1781713349624,631,Request to update the existing repository details,200,OK,Github API Performance Testing 1-13,text,true,,8102,304,24,24,https://api.github.com/repos/bharathtechacademy05/JmeterRepo,631,0,0
1781713349644,612,Request to get the existing repository details,200,OK,Github API Performance Testing 1-18,text,true,,7911,217,24,24,https://api.github.com/repos/bharathtechacademy05/JmeterRepo,612,0,77
1781713350007,652,Request to get the existing repository details,200,OK,Github API Performance Testing 1-10,text,true,,7911,217,28,28,https://api.github.com/repos/bharathtechacademy05/JmeterRepo,652,0,0
1781713350019,641,Request to update the existing repository details,200,OK,Github API Performance Testing 1-16,text,true,,8101,304,28,28,https://api.github.com/repos/bharathtechacademy05/JmeterRepo,640,0,0
1781713350020,641,Request to get the existing repository details,200,OK,Github API Performance Testing 1-12,text,true,,7911,217,28,28,https://api.github.com/repos/bharathtechacademy05/JmeterRepo,641,0,0
1781713350020,641,Request to get the existing repository details,200,OK,Github API Performance Testing 1-7,text,true,,7911,217,28,28,https://api.github.com/repos/bharathtechacademy05/JmeterRepo,641,0,0
1781713350023,638,Request to get the existing repository details,200,OK,Github API Performance Testing 1-1,text,true,,7910,217,28,28,https://api.github.com/repos/bharathtechacademy05/JmeterRepo,638,0,0
1781713350014,647,Request to get the existing repository details,200,OK,Github API Performance Testing 1-4,text,true,,7911,217,28,28,https://api.github.com/repos/bharathtechacademy05/JmeterRepo,647,0,0
1781713350026,633,Request to get the existing repository details,200,OK,Github API Performance Testing 1-5,text,true,,7911,217,28,28,https://api.github.com/repos/bharathtechacademy05/JmeterRepo,633,0,0
1781713350024,639,Request to get the existing repository details,200,OK,Github API Performance Testing 1-3,text,true,,7911,217,28,28,https://api.github.com/repos/bharathtechacademy05/JmeterRepo,639,0,0
1781713349937,727,Request to get the existing repository details,200,OK,Github API Performance Testing 1-21,text,true,,7911,217,28,28,https://api.github.com/repos/bharathtechacademy05/JmeterRepo,726,0,321
1781713350256,408,Request to get the existing repository details,200,OK,Github API Performance Testing 1-13,text,true,,7911,217,28,28,https://api.github.com/repos/bharathtechacademy05/JmeterRepo,407,0,0
1781713350019,646,Request to update the existing repository details,200,OK,Github API Performance Testing 1-6,text,true,,8101,304,28,28,https://api.github.com/repos/bharathtechacademy05/JmeterRepo,646,0,0
1781713349738,929,Request to get the existing repository details,200,OK,Github API Performance Testing 1-19,text,true,,7911,217,28,28,https://api.github.com/repos/bharathtechacademy05/JmeterRepo,929,0,420
1781713350021,638,Request to get the existing repository details,200,OK,Github API Performance Testing 1-11,text,true,,7911,217,28,28,https://api.github.com/repos/bharathtechacademy05/JmeterRepo,638,0,0
1781713350255,413,Request to get the existing repository details,200,OK,Github API Performance Testing 1-14,text,true,,7911,217,28,28,https://api.github.com/repos/bharathtechacademy05/JmeterRepo,412,0,0
1781713350025,639,Request to update the existing repository details,200,OK,Github API Performance Testing 1-15,text,true,,8102,304,28,28,https://api.github.com/repos/bharathtechacademy05/JmeterRepo,638,0,0
1781713350257,413,Request to update the existing repository details,200,OK,Github API Performance Testing 1-18,text,true,,8102,304,28,28,https://api.github.com/repos/bharathtechacademy05/JmeterRepo,410,0,0
1781713350004,789,Request to get the existing repository details,200,OK,Github API Performance Testing 1-2,text,true,,7910,217,29,29,https://api.github.com/repos/bharathtechacademy05/JmeterRepo,372,0,0
1781713348754,2039,Request to get the existing repository details,200,OK,Github API Performance Testing 1-9,text,true,,7911,217,29,29,https://api.github.com/repos/bharathtechacademy05/JmeterRepo,1732,0,1254
1781713350139,655,Request to get the existing repository details,200,OK,Github API Performance Testing 1-23,text,true,,7910,217,29,29,https://api.github.com/repos/bharathtechacademy05/JmeterRepo,654,0,231
1781713350067,731,Request to get the existing repository details,200,OK,Github API Performance Testing 1-22,text,true,,7911,217,29,29,https://api.github.com/repos/bharathtechacademy05/JmeterRepo,730,0,303
1781713350255,566,Request to update the existing repository details,200,OK,Github API Performance Testing 1-17,text,true,,8102,304,29,29,https://api.github.com/repos/bharathtechacademy05/JmeterRepo,565,0,0
1781713350020,830,Request to get the existing repository details,200,OK,Github API Performance Testing 1-8,text,true,,7909,217,30,30,https://api.github.com/repos/bharathtechacademy05/JmeterRepo,800,0,0
1781713350665,406,Request to update the existing repository details,200,OK,Github API Performance Testing 1-21,text,true,,8102,304,32,32,https://api.github.com/repos/bharathtechacademy05/JmeterRepo,406,0,0
1781713350672,399,Request to get the existing repository details,200,OK,Github API Performance Testing 1-18,text,true,,7911,217,32,32,https://api.github.com/repos/bharathtechacademy05/JmeterRepo,399,0,0
1781713350662,410,Request to update the existing repository details,200,OK,Github API Performance Testing 1-4,text,true,,8102,304,32,32,https://api.github.com/repos/bharathtechacademy05/JmeterRepo,409,0,0
1781713350339,733,Request to get the existing repository details,200,OK,Github API Performance Testing 1-25,text,true,,7911,217,32,32,https://api.github.com/repos/bharathtechacademy05/JmeterRepo,733,0,326
1781713350662,410,Request to update the existing repository details,200,OK,Github API Performance Testing 1-12,text,true,,8102,304,32,32,https://api.github.com/repos/bharathtechacademy05/JmeterRepo,410,0,0
1781713350660,413,Request to update the existing repository details,200,OK,Github API Performance Testing 1-10,text,true,,8102,304,32,32,https://api.github.com/repos/bharathtechacademy05/JmeterRepo,412,0,0
1781713350660,411,Request to get the existing repository details,200,OK,Github API Performance Testing 1-16,text,true,,7910,217,32,32,https://api.github.com/repos/bharathtechacademy05/JmeterRepo,411,0,0
1781713349839,1232,Request to get the existing repository details,200,OK,Github API Performance Testing 1-20,text,true,,7911,217,32,32,https://api.github.com/repos/bharathtechacademy05/JmeterRepo,1232,0,758
1781713350668,406,Request to update the existing repository details,200,OK,Github API Performance Testing 1-19,text,true,,8102,304,32,32,https://api.github.com/repos/bharathtechacademy05/JmeterRepo,405,0,0
1781713350663,410,Request to update the existing repository details,200,OK,Github API Performance Testing 1-5,text,true,,8102,304,32,32,https://api.github.com/repos/bharathtechacademy05/JmeterRepo,410,0,0
1781713350670,405,Request to update the existing repository details,200,OK,Github API Performance Testing 1-11,text,true,,8102,304,32,32,https://api.github.com/repos/bharathtechacademy05/JmeterRepo,405,0,0
1781713350665,528,Request to update the existing repository details,200,OK,Github API Performance Testing 1-3,text,true,,8102,304,28,28,https://api.github.com/repos/bharathtechacademy05/JmeterRepo,527,0,0
1781713350539,655,Request to get the existing repository details,200,OK,Github API Performance Testing 1-27,text,true,,7911,217,28,28,https://api.github.com/repos/bharathtechacademy05/JmeterRepo,654,0,260
1781713350794,400,Request to update the existing repository details,200,OK,Github API Performance Testing 1-9,text,true,,8102,304,28,28,https://api.github.com/repos/bharathtechacademy05/JmeterRepo,399,0,0
1781713350794,401,Request to update the existing repository details,200,OK,Github API Performance Testing 1-23,text,true,,8101,304,27,27,https://api.github.com/repos/bharathtechacademy05/JmeterRepo,400,0,0
1781713350239,954,Request to get the existing repository details,200,OK,Github API Performance Testing 1-24,text,true,,7910,217,28,28,https://api.github.com/repos/bharathtechacademy05/JmeterRepo,953,0,360
1781713350799,396,Request to update the existing repository details,200,OK,Github API Performance Testing 1-22,text,true,,8102,304,27,27,https://api.github.com/repos/bharathtechacademy05/JmeterRepo,396,0,0
1781713350672,521,Request to get the existing repository details,200,OK,Github API Performance Testing 1-15,text,true,,7911,217,28,28,https://api.github.com/repos/bharathtechacademy05/JmeterRepo,520,0,0
1781713350668,525,Request to get the existing repository details,200,OK,Github API Performance Testing 1-6,text,true,,7910,217,28,28,https://api.github.com/repos/bharathtechacademy05/JmeterRepo,524,0,0
1781713350665,528,Request to update the existing repository details,200,OK,Github API Performance Testing 1-13,text,true,,8102,304,28,28,https://api.github.com/repos/bharathtechacademy05/JmeterRepo,528,0,0
1781713350639,676,Request to get the existing repository details,200,OK,Github API Performance Testing 1-28,text,true,,7911,217,27,27,https://api.github.com/repos/bharathtechacademy05/JmeterRepo,676,0,160
1781713350441,874,Request to get the existing repository details,200,OK,Github API Performance Testing 1-26,text,true,,7911,217,27,27,https://api.github.com/repos/bharathtechacademy05/JmeterRepo,874,0,358
1781713350739,685,Request to get the existing repository details,200,OK,Github API Performance Testing 1-29,text,true,,7911,217,28,28,https://api.github.com/repos/bharathtechacademy05/JmeterRepo,685,0,92
1781713350672,859,Request to update the existing repository details,200,OK,Github API Performance Testing 1-14,text,true,,8102,304,29,29,https://api.github.com/repos/bharathtechacademy05/JmeterRepo,643,0,0
1781713350837,694,Request to get the existing repository details,200,OK,Github API Performance Testing 1-30,text,true,,7911,217,29,29,https://api.github.com/repos/bharathtechacademy05/JmeterRepo,694,0,60
1781713351074,457,Request to get the existing repository details,200,OK,Github API Performance Testing 1-21,text,true,,7911,217,29,29,https://api.github.com/repos/bharathtechacademy05/JmeterRepo,457,0,0
1781713351074,565,Request to update the existing repository details,200,OK,Github API Performance Testing 1-20,text,true,,8102,304,29,29,https://api.github.com/repos/bharathtechacademy05/JmeterRepo,565,0,0
1781713351072,567,Request to update the existing repository details,200,OK,Github API Performance Testing 1-18,text,true,,8102,304,29,29,https://api.github.com/repos/bharathtechacademy05/JmeterRepo,567,0,0
1781713350821,819,Request to get the existing repository details,200,OK,Github API Performance Testing 1-17,text,true,,7911,217,29,29,https://api.github.com/repos/bharathtechacademy05/JmeterRepo,818,0,0
1781713350794,846,Request to update the existing repository details,200,OK,Github API Performance Testing 1-2,text,true,,8101,304,29,29,https://api.github.com/repos/bharathtechacademy05/JmeterRepo,737,0,0
1781713351195,446,Request to update the existing repository details,200,OK,Github API Performance Testing 1-24,text,true,,8101,304,27,27,https://api.github.com/repos/bharathtechacademy05/JmeterRepo,446,0,0
1781713351194,448,Request to get the existing repository details,200,OK,Github API Performance Testing 1-9,text,true,,7911,217,27,27,https://api.github.com/repos/bharathtechacademy05/JmeterRepo,447,0,0
1781713351073,566,Request to update the existing repository details,200,OK,Github API Performance Testing 1-16,text,true,,8101,304,29,29,https://api.github.com/repos/bharathtechacademy05/JmeterRepo,566,0,0
1781713351038,604,Request to get the existing repository details,200,OK,Github API Performance Testing 1-32,text,true,,7911,217,27,27,https://api.github.com/repos/bharathtechacademy05/JmeterRepo,604,0,159
1781713351072,567,Request to update the existing repository details,200,OK,Github API Performance Testing 1-25,text,true,,8102,304,29,29,https://api.github.com/repos/bharathtechacademy05/JmeterRepo,567,0,0
1781713351196,447,Request to get the existing repository details,200,OK,Github API Performance Testing 1-23,text,true,,7910,217,26,26,https://api.github.com/repos/bharathtechacademy05/JmeterRepo,446,0,0
1781713351194,449,Request to update the existing repository details,200,OK,Github API Performance Testing 1-27,text,true,,8102,304,26,26,https://api.github.com/repos/bharathtechacademy05/JmeterRepo,449,0,0
1781713351196,447,Request to update the existing repository details,200,OK,Github API Performance Testing 1-6,text,true,,8101,304,26,26,https://api.github.com/repos/bharathtechacademy05/JmeterRepo,447,0,0
1781713351196,447,Request to get the existing repository details,200,OK,Github API Performance Testing 1-22,text,true,,7911,217,26,26,https://api.github.com/repos/bharathtechacademy05/JmeterRepo,447,0,0
1781713350939,700,Request to get the existing repository details,200,OK,Github API Performance Testing 1-31,text,true,,7911,217,29,29,https://api.github.com/repos/bharathtechacademy05/JmeterRepo,700,0,135
1781713351196,448,Request to update the existing repository details,200,OK,Github API Performance Testing 1-15,text,true,,8102,304,25,25,https://api.github.com/repos/bharathtechacademy05/JmeterRepo,447,0,0
1781713351074,592,Request to get the existing repository details,200,OK,Github API Performance Testing 1-19,text,true,,7911,217,25,25,https://api.github.com/repos/bharathtechacademy05/JmeterRepo,592,0,0
1781713350662,1004,Request to update the existing repository details,200,OK,Github API Performance Testing 1-7,text,true,,8102,304,25,25,https://api.github.com/repos/bharathtechacademy05/JmeterRepo,1004,0,0
1781713350850,849,Request to update the existing repository details,200,OK,Github API Performance Testing 1-8,text,true,,8100,304,24,24,https://api.github.com/repos/bharathtechacademy05/JmeterRepo,817,0,0
1781713351316,400,Request to update the existing repository details,200,OK,Github API Performance Testing 1-26,text,true,,8102,304,23,23,https://api.github.com/repos/bharathtechacademy05/JmeterRepo,398,0,0
1781713351316,402,Request to update the existing repository details,200,OK,Github API Performance Testing 1-28,text,true,,8102,304,23,23,https://api.github.com/repos/bharathtechacademy05/JmeterRepo,402,0,0
1781713351424,410,Request to update the existing repository details,200,OK,Github API Performance Testing 1-29,text,true,,8102,304,24,24,https://api.github.com/repos/bharathtechacademy05/JmeterRepo,410,0,0
1781713351532,474,Request to update the existing repository details,200,OK,Github API Performance Testing 1-21,text,true,,8103,304,26,26,https://api.github.com/repos/bharathtechacademy05/JmeterRepo,474,0,0
1781713351532,474,Request to update the existing repository details,200,OK,Github API Performance Testing 1-30,text,true,,8103,304,26,26,https://api.github.com/repos/bharathtechacademy05/JmeterRepo,474,0,0
1781713351642,364,Request to get the existing repository details,200,OK,Github API Performance Testing 1-25,text,true,,7912,217,26,26,https://api.github.com/repos/bharathtechacademy05/JmeterRepo,364,0,0
1781713351644,519,Request to update the existing repository details,200,OK,Github API Performance Testing 1-31,text,true,,8103,304,27,27,https://api.github.com/repos/bharathtechacademy05/JmeterRepo,519,0,0
1781713351640,523,Request to get the existing repository details,200,OK,Github API Performance Testing 1-20,text,true,,7912,217,27,27,https://api.github.com/repos/bharathtechacademy05/JmeterRepo,523,0,0
1781713351644,649,Request to update the existing repository details,200,OK,Github API Performance Testing 1-22,text,true,,8103,304,28,28,https://api.github.com/repos/bharathtechacademy05/JmeterRepo,649,0,0
1781713351643,650,Request to get the existing repository details,200,OK,Github API Performance Testing 1-27,text,true,,7912,217,28,28,https://api.github.com/repos/bharathtechacademy05/JmeterRepo,650,0,0
1781713351437,857,Request to get the existing repository details,200,OK,Github API Performance Testing 1-36,text,true,,7912,217,28,28,https://api.github.com/repos/bharathtechacademy05/JmeterRepo,857,0,237
1781713351719,575,Request to get the existing repository details,200,OK,Github API Performance Testing 1-28,text,true,,7912,217,28,28,https://api.github.com/repos/bharathtechacademy05/JmeterRepo,575,0,0
1781713351139,1156,Request to get the existing repository details,200,OK,Github API Performance Testing 1-33,text,true,,7912,217,27,27,https://api.github.com/repos/bharathtechacademy05/JmeterRepo,1024,0,503
1781713351835,460,Request to get the existing repository details,200,OK,Github API Performance Testing 1-29,text,true,,7912,217,27,27,https://api.github.com/repos/bharathtechacademy05/JmeterRepo,460,0,0
1781713351641,652,Request to get the existing repository details,200,OK,Github API Performance Testing 1-24,text,true,,7911,217,28,28,https://api.github.com/repos/bharathtechacademy05/JmeterRepo,652,0,0
1781713351537,756,Request to get the existing repository details,200,OK,Github API Performance Testing 1-37,text,true,,7911,217,28,28,https://api.github.com/repos/bharathtechacademy05/JmeterRepo,756,0,136
1781713351717,579,Request to get the existing repository details,200,OK,Github API Performance Testing 1-26,text,true,,7912,217,27,27,https://api.github.com/repos/bharathtechacademy05/JmeterRepo,579,0,0
1781713351642,653,Request to update the existing repository details,200,OK,Github API Performance Testing 1-9,text,true,,8103,304,27,27,https://api.github.com/repos/bharathtechacademy05/JmeterRepo,653,0,0
1781713351666,631,Request to update the existing repository details,200,OK,Github API Performance Testing 1-19,text,true,,8103,304,27,27,https://api.github.com/repos/bharathtechacademy05/JmeterRepo,631,0,0
1781713351645,652,Request to get the existing repository details,200,OK,Github API Performance Testing 1-38,text,true,,7912,217,27,27,https://api.github.com/repos/bharathtechacademy05/JmeterRepo,652,0,60
1781713351339,959,Request to get the existing repository details,200,OK,Github API Performance Testing 1-35,text,true,,7912,217,25,25,https://api.github.com/repos/bharathtechacademy05/JmeterRepo,959,0,304
1781713351238,1061,Request to get the existing repository details,200,OK,Github API Performance Testing 1-34,text,true,,7910,217,25,25,https://api.github.com/repos/bharathtechacademy05/JmeterRepo,1060,0,406
1781713351643,677,Request to update the existing repository details,200,OK,Github API Performance Testing 1-23,text,true,,8102,304,25,25,https://api.github.com/repos/bharathtechacademy05/JmeterRepo,677,0,0
1781713351642,679,Request to update the existing repository details,200,OK,Github API Performance Testing 1-32,text,true,,8103,304,24,24,https://api.github.com/repos/bharathtechacademy05/JmeterRepo,678,0,0
1781713351640,682,Request to update the existing repository details,200,OK,Github API Performance Testing 1-17,text,true,,8103,304,24,24,https://api.github.com/repos/bharathtechacademy05/JmeterRepo,681,0,0
1781713350662,1772,Request to update the existing repository details,200,OK,Github API Performance Testing 1-1,text,true,,8101,304,24,24,https://api.github.com/repos/bharathtechacademy05/JmeterRepo,1658,0,0
1781713352006,429,Request to get the existing repository details,200,OK,Github API Performance Testing 1-30,text,true,,7912,217,24,24,https://api.github.com/repos/bharathtechacademy05/JmeterRepo,428,0,0
1781713352006,429,Request to update the existing repository details,200,OK,Github API Performance Testing 1-25,text,true,,8103,304,24,24,https://api.github.com/repos/bharathtechacademy05/JmeterRepo,428,0,0
1781713351739,848,Request to get the existing repository details,200,OK,Github API Performance Testing 1-39,text,true,,7912,217,24,24,https://api.github.com/repos/bharathtechacademy05/JmeterRepo,848,0,61
1781713352164,423,Request to get the existing repository details,200,OK,Github API Performance Testing 1-31,text,true,,7912,217,24,24,https://api.github.com/repos/bharathtechacademy05/JmeterRepo,423,0,0
1781713352164,441,Request to update the existing repository details,200,OK,Github API Performance Testing 1-20,text,true,,8103,304,24,24,https://api.github.com/repos/bharathtechacademy05/JmeterRepo,440,0,0
1781713352295,373,Request to update the existing repository details,200,OK,Github API Performance Testing 1-33,text,true,,8103,304,24,24,https://api.github.com/repos/bharathtechacademy05/JmeterRepo,373,0,0
1781713352296,378,Request to update the existing repository details,200,OK,Github API Performance Testing 1-29,text,true,,8103,304,24,24,https://api.github.com/repos/bharathtechacademy05/JmeterRepo,378,0,0
1781713352297,377,Request to update the existing repository details,200,OK,Github API Performance Testing 1-37,text,true,,8102,304,24,24,https://api.github.com/repos/bharathtechacademy05/JmeterRepo,377,0,0
1781713352294,384,Request to update the existing repository details,200,OK,Github API Performance Testing 1-27,text,true,,8103,304,23,23,https://api.github.com/repos/bharathtechacademy05/JmeterRepo,384,0,0
1781713352297,387,Request to update the existing repository details,200,OK,Github API Performance Testing 1-26,text,true,,8103,304,22,22,https://api.github.com/repos/bharathtechacademy05/JmeterRepo,387,0,0
1781713352294,390,Request to update the existing repository details,200,OK,Github API Performance Testing 1-28,text,true,,8103,304,22,22,https://api.github.com/repos/bharathtechacademy05/JmeterRepo,390,0,0
1781713352294,390,Request to update the existing repository details,200,OK,Github API Performance Testing 1-36,text,true,,8103,304,22,22,https://api.github.com/repos/bharathtechacademy05/JmeterRepo,390,0,0
1781713352298,388,Request to update the existing repository details,200,OK,Github API Performance Testing 1-38,text,true,,8103,304,20,20,https://api.github.com/repos/bharathtechacademy05/JmeterRepo,388,0,0
1781713352299,506,Request to update the existing repository details,200,OK,Github API Performance Testing 1-35,text,true,,8103,304,21,21,https://api.github.com/repos/bharathtechacademy05/JmeterRepo,506,0,0
1781713351839,966,Request to get the existing repository details,200,OK,Github API Performance Testing 1-40,text,true,,7912,217,21,21,https://api.github.com/repos/bharathtechacademy05/JmeterRepo,845,0,457
1781713352322,483,Request to get the existing repository details,200,OK,Github API Performance Testing 1-32,text,true,,7912,217,21,21,https://api.github.com/repos/bharathtechacademy05/JmeterRepo,483,0,0
1781713352435,481,Request to update the existing repository details,200,OK,Github API Performance Testing 1-30,text,true,,8103,304,22,22,https://api.github.com/repos/bharathtechacademy05/JmeterRepo,480,0,0
1781713351938,978,Request to get the existing repository details,200,OK,Github API Performance Testing 1-41,text,true,,7912,217,22,22,https://api.github.com/repos/bharathtechacademy05/JmeterRepo,976,0,359
1781713352299,617,Request to update the existing repository details,200,OK,Github API Performance Testing 1-34,text,true,,8101,304,22,22,https://api.github.com/repos/bharathtechacademy05/JmeterRepo,616,0,0
1781713352238,678,Request to get the existing repository details,200,OK,Github API Performance Testing 1-44,text,true,,7912,217,22,22,https://api.github.com/repos/bharathtechacademy05/JmeterRepo,676,0,91
1781713352039,876,Request to get the existing repository details,200,OK,Github API Performance Testing 1-42,text,true,,7912,217,22,22,https://api.github.com/repos/bharathtechacademy05/JmeterRepo,875,0,290
1781713352296,677,Request to update the existing repository details,200,OK,Github API Performance Testing 1-24,text,true,,8102,304,22,22,https://api.github.com/repos/bharathtechacademy05/JmeterRepo,509,0,0
1781713352139,842,Request to get the existing repository details,200,OK,Github API Performance Testing 1-43,text,true,,7912,217,21,21,https://api.github.com/repos/bharathtechacademy05/JmeterRepo,842,0,481
1781713352588,411,Request to update the existing repository details,200,OK,Github API Performance Testing 1-39,text,true,,8103,304,21,21,https://api.github.com/repos/bharathtechacademy05/JmeterRepo,411,0,0
1781713352588,412,Request to update the existing repository details,200,OK,Github API Performance Testing 1-31,text,true,,8103,304,21,21,https://api.github.com/repos/bharathtechacademy05/JmeterRepo,412,0,0
1781713352438,564,Request to get the existing repository details,200,OK,Github API Performance Testing 1-46,text,true,,7912,217,20,20,https://api.github.com/repos/bharathtechacademy05/JmeterRepo,564,0,182
1781713352669,362,Request to get the existing repository details,200,OK,Github API Performance Testing 1-33,text,true,,7912,217,20,20,https://api.github.com/repos/bharathtechacademy05/JmeterRepo,362,0,0
1781713352537,495,Request to get the existing repository details,200,OK,Github API Performance Testing 1-47,text,true,,7912,217,20,20,https://api.github.com/repos/bharathtechacademy05/JmeterRepo,495,0,85
1781713352339,708,Request to get the existing repository details,200,OK,Github API Performance Testing 1-45,text,true,,7912,217,21,21,https://api.github.com/repos/bharathtechacademy05/JmeterRepo,707,0,337
1781713352674,382,Request to get the existing repository details,200,OK,Github API Performance Testing 1-37,text,true,,7911,217,21,21,https://api.github.com/repos/bharathtechacademy05/JmeterRepo,382,0,0
1781713352686,386,Request to get the existing repository details,200,OK,Github API Performance Testing 1-38,text,true,,7912,217,21,21,https://api.github.com/repos/bharathtechacademy05/JmeterRepo,386,0,0
1781713352806,384,Request to get the existing repository details,200,OK,Github API Performance Testing 1-35,text,true,,7912,217,22,22,https://api.github.com/repos/bharathtechacademy05/JmeterRepo,384,0,0
1781713352806,394,Request to update the existing repository details,200,OK,Github API Performance Testing 1-40,text,true,,8103,304,22,22,https://api.github.com/repos/bharathtechacademy05/JmeterRepo,391,0,0
1781713352685,533,Request to get the existing repository details,200,OK,Github API Performance Testing 1-36,text,true,,7912,217,22,22,https://api.github.com/repos/bharathtechacademy05/JmeterRepo,533,0,0
1781713352806,414,Request to update the existing repository details,200,OK,Github API Performance Testing 1-32,text,true,,8103,304,22,22,https://api.github.com/repos/bharathtechacademy05/JmeterRepo,414,0,0
1781713352916,390,Request to get the existing repository details,200,OK,Github API Performance Testing 1-34,text,true,,7910,217,22,22,https://api.github.com/repos/bharathtechacademy05/JmeterRepo,390,0,0
1781713352917,410,Request to update the existing repository details,200,OK,Github API Performance Testing 1-42,text,true,,8103,304,22,22,https://api.github.com/repos/bharathtechacademy05/JmeterRepo,410,0,0
1781713352916,416,Request to update the existing repository details,200,OK,Github API Performance Testing 1-44,text,true,,8103,304,22,22,https://api.github.com/repos/bharathtechacademy05/JmeterRepo,416,0,0
1781713352737,600,Request to get the existing repository details,200,OK,Github API Performance Testing 1-49,text,true,,7911,217,22,22,https://api.github.com/repos/bharathtechacademy05/JmeterRepo,600,0,217
1781713352637,711,Request to get the existing repository details,200,OK,Github API Performance Testing 1-48,text,true,,7912,217,23,23,https://api.github.com/repos/bharathtechacademy05/JmeterRepo,711,0,305
1781713353000,455,Request to get the existing repository details,200,OK,Github API Performance Testing 1-39,text,true,,7912,217,24,24,https://api.github.com/repos/bharathtechacademy05/JmeterRepo,455,0,0
1781713352981,474,Request to update the existing repository details,200,OK,Github API Performance Testing 1-43,text,true,,8103,304,24,24,https://api.github.com/repos/bharathtechacademy05/JmeterRepo,474,0,0
1781713353002,453,Request to update the existing repository details,200,OK,Github API Performance Testing 1-46,text,true,,8103,304,24,24,https://api.github.com/repos/bharathtechacademy05/JmeterRepo,453,0,0
1781713352838,617,Request to get the existing repository details,200,OK,Github API Performance Testing 1-50,text,true,,7912,217,24,24,https://api.github.com/repos/bharathtechacademy05/JmeterRepo,617,0,116
1781713352937,518,Request to get the existing repository details,200,OK,Github API Performance Testing 1-51,text,true,,7910,217,24,24,https://api.github.com/repos/bharathtechacademy05/JmeterRepo,518,0,61
1781713353057,504,Request to update the existing repository details,200,OK,Github API Performance Testing 1-37,text,true,,8102,304,25,25,https://api.github.com/repos/bharathtechacademy05/JmeterRepo,504,0,0
1781713353073,488,Request to update the existing repository details,200,OK,Github API Performance Testing 1-38,text,true,,8103,304,25,25,https://api.github.com/repos/bharathtechacademy05/JmeterRepo,488,0,0
1781713353032,529,Request to update the existing repository details,200,OK,Github API Performance Testing 1-33,text,true,,8103,304,25,25,https://api.github.com/repos/bharathtechacademy05/JmeterRepo,529,0,0
1781713353048,513,Request to update the existing repository details,200,OK,Github API Performance Testing 1-45,text,true,,8103,304,25,25,https://api.github.com/repos/bharathtechacademy05/JmeterRepo,513,0,0
1781713353201,467,Request to get the existing repository details,200,OK,Github API Performance Testing 1-40,text,true,,7912,217,23,23,https://api.github.com/repos/bharathtechacademy05/JmeterRepo,466,0,0
1781713353033,742,Request to update the existing repository details,200,OK,Github API Performance Testing 1-47,text,true,,8103,304,24,24,https://api.github.com/repos/bharathtechacademy05/JmeterRepo,742,0,0
1781713353140,742,Request to get the existing repository details,200,OK,Github API Performance Testing 1-53,text,true,,7912,217,25,25,https://api.github.com/repos/bharathtechacademy05/JmeterRepo,742,0,84
1781713353334,548,Request to get the existing repository details,200,OK,Github API Performance Testing 1-44,text,true,,7912,217,25,25,https://api.github.com/repos/bharathtechacademy05/JmeterRepo,548,0,0
1781713353219,663,Request to update the existing repository details,200,OK,Github API Performance Testing 1-36,text,true,,8103,304,25,25,https://api.github.com/repos/bharathtechacademy05/JmeterRepo,663,0,0
1781713353192,691,Request to update the existing repository details,200,OK,Github API Performance Testing 1-35,text,true,,8103,304,25,25,https://api.github.com/repos/bharathtechacademy05/JmeterRepo,690,0,0
1781713353240,642,Request to get the existing repository details,200,OK,Github API Performance Testing 1-54,text,true,,7911,217,25,25,https://api.github.com/repos/bharathtechacademy05/JmeterRepo,642,0,61
1781713353308,575,Request to update the existing repository details,200,OK,Github API Performance Testing 1-34,text,true,,8101,304,23,23,https://api.github.com/repos/bharathtechacademy05/JmeterRepo,575,0,0
1781713353329,554,Request to get the existing repository details,200,OK,Github API Performance Testing 1-42,text,true,,7912,217,23,23,https://api.github.com/repos/bharathtechacademy05/JmeterRepo,554,0,0
1781713353350,672,Request to update the existing repository details,200,OK,Github API Performance Testing 1-48,text,true,,8103,304,23,23,https://api.github.com/repos/bharathtechacademy05/JmeterRepo,672,0,0
1781713353457,565,Request to get the existing repository details,200,OK,Github API Performance Testing 1-46,text,true,,7912,217,23,23,https://api.github.com/repos/bharathtechacademy05/JmeterRepo,565,0,0
1781713353038,984,Request to get the existing repository details,200,OK,Github API Performance Testing 1-52,text,true,,7911,217,23,23,https://api.github.com/repos/bharathtechacademy05/JmeterRepo,984,0,158
1781713353456,566,Request to update the existing repository details,200,OK,Github API Performance Testing 1-50,text,true,,8103,304,23,23,https://api.github.com/repos/bharathtechacademy05/JmeterRepo,566,0,0
1781713353456,566,Request to update the existing repository details,200,OK,Github API Performance Testing 1-39,text,true,,8103,304,23,23,https://api.github.com/repos/bharathtechacademy05/JmeterRepo,566,0,0
1781713353456,567,Request to get the existing repository details,200,OK,Github API Performance Testing 1-43,text,true,,7912,217,22,22,https://api.github.com/repos/bharathtechacademy05/JmeterRepo,567,0,0
1781713353456,676,Request to update the existing repository details,200,OK,Github API Performance Testing 1-51,text,true,,8101,304,23,23,https://api.github.com/repos/bharathtechacademy05/JmeterRepo,676,0,0
1781713353338,1009,Request to update the existing repository details,200,OK,Github API Performance Testing 1-49,text,true,,8102,304,26,26,https://api.github.com/repos/bharathtechacademy05/JmeterRepo,1009,0,0
1781713352916,1430,Request to update the existing repository details,200,OK,Github API Performance Testing 1-41,text,true,,8103,304,26,26,https://api.github.com/repos/bharathtechacademy05/JmeterRepo,1430,0,0
1781713353668,679,Request to update the existing repository details,200,OK,Github API Performance Testing 1-40,text,true,,8103,304,26,26,https://api.github.com/repos/bharathtechacademy05/JmeterRepo,679,0,0
1781713353883,600,Request to update the existing repository details,200,OK,Github API Performance Testing 1-54,text,true,,8102,304,26,26,https://api.github.com/repos/bharathtechacademy05/JmeterRepo,600,0,0
1781713353884,599,Request to update the existing repository details,200,OK,Github API Performance Testing 1-42,text,true,,8103,304,26,26,https://api.github.com/repos/bharathtechacademy05/JmeterRepo,599,0,0
1781713353883,601,Request to update the existing repository details,200,OK,Github API Performance Testing 1-53,text,true,,8103,304,26,26,https://api.github.com/repos/bharathtechacademy05/JmeterRepo,601,0,0
1781713354023,461,Request to update the existing repository details,200,OK,Github API Performance Testing 1-43,text,true,,8103,304,26,26,https://api.github.com/repos/bharathtechacademy05/JmeterRepo,461,0,0
1781713353883,600,Request to update the existing repository details,200,OK,Github API Performance Testing 1-44,text,true,,8103,304,25,25,https://api.github.com/repos/bharathtechacademy05/JmeterRepo,600,0,0
1781713354022,463,Request to get the existing repository details,200,OK,Github API Performance Testing 1-48,text,true,,7912,217,24,24,https://api.github.com/repos/bharathtechacademy05/JmeterRepo,463,0,0
1781713354132,682,Request to get the existing repository details,200,OK,Github API Performance Testing 1-51,text,true,,7910,217,26,26,https://api.github.com/repos/bharathtechacademy05/JmeterRepo,682,0,0
1781713354022,792,Request to update the existing repository details,200,OK,Github API Performance Testing 1-46,text,true,,8103,304,26,26,https://api.github.com/repos/bharathtechacademy05/JmeterRepo,792,0,0
1781713354023,791,Request to get the existing repository details,200,OK,Github API Performance Testing 1-50,text,true,,7912,217,26,26,https://api.github.com/repos/bharathtechacademy05/JmeterRepo,791,0,0
1781713353561,1364,Request to get the existing repository details,200,OK,Github API Performance Testing 1-45,text,true,,7912,217,26,26,https://api.github.com/repos/bharathtechacademy05/JmeterRepo,1253,0,0
1781713353638,1288,Request to get the existing repository details,200,OK,Github API Performance Testing 1-58,text,true,,7911,217,26,26,https://api.github.com/repos/bharathtechacademy05/JmeterRepo,1288,0,606
1781713353738,1188,Request to get the existing repository details,200,OK,Github API Performance Testing 1-59,text,true,,7912,217,26,26,https://api.github.com/repos/bharathtechacademy05/JmeterRepo,1188,0,611
1781713354348,579,Request to get the existing repository details,200,OK,Github API Performance Testing 1-49,text,true,,7911,217,26,26,https://api.github.com/repos/bharathtechacademy05/JmeterRepo,578,0,0
1781713353840,1087,Request to get the existing repository details,200,OK,Github API Performance Testing 1-60,text,true,,7912,217,26,26,https://api.github.com/repos/bharathtechacademy05/JmeterRepo,1087,0,509
1781713354022,1010,Request to update the existing repository details,200,OK,Github API Performance Testing 1-52,text,true,,8102,304,27,27,https://api.github.com/repos/bharathtechacademy05/JmeterRepo,684,0,0
1781713354348,684,Request to get the existing repository details,200,OK,Github API Performance Testing 1-41,text,true,,7912,217,27,27,https://api.github.com/repos/bharathtechacademy05/JmeterRepo,579,0,0
1781713353539,1493,Request to get the existing repository details,200,OK,Github API Performance Testing 1-57,text,true,,7912,217,27,27,https://api.github.com/repos/bharathtechacademy05/JmeterRepo,946,0,486
1781713353339,1693,Request to get the existing repository details,200,OK,Github API Performance Testing 1-55,text,true,,7912,217,27,27,https://api.github.com/repos/bharathtechacademy05/JmeterRepo,1586,0,331
1781713353938,1094,Request to get the existing repository details,200,OK,Github API Performance Testing 1-61,text,true,,7912,217,27,27,https://api.github.com/repos/bharathtechacademy05/JmeterRepo,1094,0,548
1781713353776,1258,Request to get the existing repository details,200,OK,Github API Performance Testing 1-47,text,true,,7912,217,27,27,https://api.github.com/repos/bharathtechacademy05/JmeterRepo,1258,0,0
1781713354483,549,Request to get the existing repository details,200,OK,Github API Performance Testing 1-54,text,true,,7911,217,27,27,https://api.github.com/repos/bharathtechacademy05/JmeterRepo,549,0,0
1781713354485,547,Request to update the existing repository details,200,OK,Github API Performance Testing 1-48,text,true,,8103,304,27,27,https://api.github.com/repos/bharathtechacademy05/JmeterRepo,547,0,0
1781713354484,548,Request to get the existing repository details,200,OK,Github API Performance Testing 1-53,text,true,,7912,217,27,27,https://api.github.com/repos/bharathtechacademy05/JmeterRepo,548,0,0
1781713354814,497,Request to update the existing repository details,200,OK,Github API Performance Testing 1-50,text,true,,8103,304,29,29,https://api.github.com/repos/bharathtechacademy05/JmeterRepo,497,0,0
1781713354814,497,Request to update the existing repository details,200,OK,Github API Performance Testing 1-51,text,true,,8101,304,29,29,https://api.github.com/repos/bharathtechacademy05/JmeterRepo,497,0,0
1781713354040,1271,Request to get the existing repository details,200,OK,Github API Performance Testing 1-62,text,true,,7912,217,29,29,https://api.github.com/repos/bharathtechacademy05/JmeterRepo,1271,0,776
1781713354341,973,Request to get the existing repository details,200,OK,Github API Performance Testing 1-65,text,true,,7912,217,27,27,https://api.github.com/repos/bharathtechacademy05/JmeterRepo,973,0,587
1781713354241,1193,Request to get the existing repository details,200,OK,Github API Performance Testing 1-64,text,true,,7910,217,28,28,https://api.github.com/repos/bharathtechacademy05/JmeterRepo,1193,0,687
1781713354928,506,Request to update the existing repository details,200,OK,Github API Performance Testing 1-60,text,true,,8103,304,28,28,https://api.github.com/repos/bharathtechacademy05/JmeterRepo,506,0,0
1781713354926,508,Request to update the existing repository details,200,OK,Github API Performance Testing 1-58,text,true,,8102,304,28,28,https://api.github.com/repos/bharathtechacademy05/JmeterRepo,508,0,0
1781713354540,1003,Request to get the existing repository details,200,OK,Github API Performance Testing 1-67,text,true,,7911,217,30,30,https://api.github.com/repos/bharathtechacademy05/JmeterRepo,1003,0,495
1781713355035,508,Request to update the existing repository details,200,OK,Github API Performance Testing 1-54,text,true,,8102,304,30,30,https://api.github.com/repos/bharathtechacademy05/JmeterRepo,508,0,0
1781713354926,617,Request to update the existing repository details,200,OK,Github API Performance Testing 1-45,text,true,,8103,304,30,30,https://api.github.com/repos/bharathtechacademy05/JmeterRepo,508,0,0
1781713355033,510,Request to update the existing repository details,200,OK,Github API Performance Testing 1-41,text,true,,8103,304,30,30,https://api.github.com/repos/bharathtechacademy05/JmeterRepo,510,0,0
1781713354927,616,Request to update the existing repository details,200,OK,Github API Performance Testing 1-49,text,true,,8102,304,30,30,https://api.github.com/repos/bharathtechacademy05/JmeterRepo,616,0,0
1781713355033,511,Request to update the existing repository details,200,OK,Github API Performance Testing 1-61,text,true,,8103,304,27,27,https://api.github.com/repos/bharathtechacademy05/JmeterRepo,510,0,0
1781713355033,511,Request to update the existing repository details,200,OK,Github API Performance Testing 1-55,text,true,,8103,304,26,26,https://api.github.com/repos/bharathtechacademy05/JmeterRepo,511,0,0
1781713355033,510,Request to update the existing repository details,200,OK,Github API Performance Testing 1-57,text,true,,8103,304,30,30,https://api.github.com/repos/bharathtechacademy05/JmeterRepo,510,0,0
1781713354741,802,Request to get the existing repository details,200,OK,Github API Performance Testing 1-69,text,true,,7912,217,30,30,https://api.github.com/repos/bharathtechacademy05/JmeterRepo,802,0,294
1781713354639,904,Request to get the existing repository details,200,OK,Github API Performance Testing 1-68,text,true,,7912,217,30,30,https://api.github.com/repos/bharathtechacademy05/JmeterRepo,904,0,397
1781713354840,705,Request to get the existing repository details,200,OK,Github API Performance Testing 1-70,text,true,,7912,217,26,26,https://api.github.com/repos/bharathtechacademy05/JmeterRepo,705,0,227
1781713354938,607,Request to get the existing repository details,200,OK,Github API Performance Testing 1-71,text,true,,7912,217,26,26,https://api.github.com/repos/bharathtechacademy05/JmeterRepo,607,0,129
1781713355035,538,Request to update the existing repository details,200,OK,Github API Performance Testing 1-47,text,true,,8103,304,26,26,https://api.github.com/repos/bharathtechacademy05/JmeterRepo,509,0,0
1781713355033,540,Request to get the existing repository details,200,OK,Github API Performance Testing 1-52,text,true,,7911,217,26,26,https://api.github.com/repos/bharathtechacademy05/JmeterRepo,510,0,0
1781713355036,582,Request to update the existing repository details,200,OK,Github API Performance Testing 1-53,text,true,,8103,304,25,25,https://api.github.com/repos/bharathtechacademy05/JmeterRepo,399,0,0
1781713355312,350,Request to update the existing repository details,200,OK,Github API Performance Testing 1-62,text,true,,8103,304,25,25,https://api.github.com/repos/bharathtechacademy05/JmeterRepo,350,0,0
1781713355315,377,Request to update the existing repository details,200,OK,Github API Performance Testing 1-65,text,true,,8103,304,25,25,https://api.github.com/repos/bharathtechacademy05/JmeterRepo,376,0,0
1781713353440,2285,Request to get the existing repository details,200,OK,Github API Performance Testing 1-56,text,true,,7911,217,25,25,https://api.github.com/repos/bharathtechacademy05/JmeterRepo,2259,0,1873
1781713355040,740,Request to get the existing repository details,200,OK,Github API Performance Testing 1-72,text,true,,7912,217,26,26,https://api.github.com/repos/bharathtechacademy05/JmeterRepo,740,0,395
1781713355238,779,Request to get the existing repository details,200,OK,Github API Performance Testing 1-74,text,true,,7912,217,28,28,https://api.github.com/repos/bharathtechacademy05/JmeterRepo,779,0,198
1781713355544,473,Request to get the existing repository details,200,OK,Github API Performance Testing 1-61,text,true,,7912,217,28,28,https://api.github.com/repos/bharathtechacademy05/JmeterRepo,473,0,0
1781713354139,1878,Request to get the existing repository details,200,OK,Github API Performance Testing 1-63,text,true,,7911,217,28,28,https://api.github.com/repos/bharathtechacademy05/JmeterRepo,1878,0,1297
1781713355545,472,Request to update the existing repository details,200,OK,Github API Performance Testing 1-70,text,true,,8103,304,28,28,https://api.github.com/repos/bharathtechacademy05/JmeterRepo,472,0,0
1781713355544,473,Request to get the existing repository details,200,OK,Github API Performance Testing 1-57,text,true,,7912,217,28,28,https://api.github.com/repos/bharathtechacademy05/JmeterRepo,473,0,0
1781713355544,474,Request to get the existing repository details,200,OK,Github API Performance Testing 1-55,text,true,,7912,217,28,28,https://api.github.com/repos/bharathtechacademy05/JmeterRepo,474,0,0
1781713355543,475,Request to update the existing repository details,200,OK,Github API Performance Testing 1-67,text,true,,8102,304,28,28,https://api.github.com/repos/bharathtechacademy05/JmeterRepo,475,0,0
1781713355440,578,Request to get the existing repository details,200,OK,Github API Performance Testing 1-76,text,true,,7912,217,28,28,https://api.github.com/repos/bharathtechacademy05/JmeterRepo,578,0,150
1781713355545,473,Request to update the existing repository details,200,OK,Github API Performance Testing 1-68,text,true,,8103,304,28,28,https://api.github.com/repos/bharathtechacademy05/JmeterRepo,473,0,0
1781713355541,478,Request to get the existing repository details,200,OK,Github API Performance Testing 1-77,text,true,,7911,217,28,28,https://api.github.com/repos/bharathtechacademy05/JmeterRepo,478,0,58
1781713355544,475,Request to update the existing repository details,200,OK,Github API Performance Testing 1-69,text,true,,8103,304,28,28,https://api.github.com/repos/bharathtechacademy05/JmeterRepo,475,0,0
1781713355339,680,Request to get the existing repository details,200,OK,Github API Performance Testing 1-75,text,true,,7912,217,28,28,https://api.github.com/repos/bharathtechacademy05/JmeterRepo,680,0,210
1781713355435,582,Request to get the existing repository details,200,OK,Github API Performance Testing 1-58,text,true,,7911,217,28,28,https://api.github.com/repos/bharathtechacademy05/JmeterRepo,582,0,0
1781713355434,583,Request to update the existing repository details,200,OK,Github API Performance Testing 1-64,text,true,,8101,304,28,28,https://api.github.com/repos/bharathtechacademy05/JmeterRepo,583,0,0
1781713355140,877,Request to get the existing repository details,200,OK,Github API Performance Testing 1-73,text,true,,7912,217,28,28,https://api.github.com/repos/bharathtechacademy05/JmeterRepo,877,0,296
1781713355545,474,Request to update the existing repository details,200,OK,Github API Performance Testing 1-71,text,true,,8103,304,28,28,https://api.github.com/repos/bharathtechacademy05/JmeterRepo,474,0,0
1781713355662,370,Request to get the existing repository details,200,OK,Github API Performance Testing 1-62,text,true,,7912,217,28,28,https://api.github.com/repos/bharathtechacademy05/JmeterRepo,370,0,0
1781713355434,609,Request to get the existing repository details,200,OK,Github API Performance Testing 1-60,text,true,,7912,217,29,29,https://api.github.com/repos/bharathtechacademy05/JmeterRepo,609,0,0
1781713354927,1118,Request to update the existing repository details,200,OK,Github API Performance Testing 1-59,text,true,,8103,304,29,29,https://api.github.com/repos/bharathtechacademy05/JmeterRepo,389,0,0
1781713355573,474,Request to update the existing repository details,200,OK,Github API Performance Testing 1-52,text,true,,8102,304,29,29,https://api.github.com/repos/bharathtechacademy05/JmeterRepo,446,0,0
1781713355692,359,Request to get the existing repository details,200,OK,Github API Performance Testing 1-65,text,true,,7912,217,28,28,https://api.github.com/repos/bharathtechacademy05/JmeterRepo,359,0,0
1781713355640,455,Request to get the existing repository details,200,OK,Github API Performance Testing 1-78,text,true,,7911,217,28,28,https://api.github.com/repos/bharathtechacademy05/JmeterRepo,455,0,69
1781713355781,435,Request to update the existing repository details,200,OK,Github API Performance Testing 1-72,text,true,,8103,304,29,29,https://api.github.com/repos/bharathtechacademy05/JmeterRepo,435,0,0
1781713356019,425,Request to get the existing repository details,200,OK,Github API Performance Testing 1-68,text,true,,7912,217,32,32,https://api.github.com/repos/bharathtechacademy05/JmeterRepo,424,0,0
1781713356018,426,Request to get the existing repository details,200,OK,Github API Performance Testing 1-70,text,true,,7912,217,32,32,https://api.github.com/repos/bharathtechacademy05/JmeterRepo,426,0,0
1781713356019,426,Request to get the existing repository details,200,OK,Github API Performance Testing 1-69,text,true,,7912,217,32,32,https://api.github.com/repos/bharathtechacademy05/JmeterRepo,426,0,0
1781713356017,428,Request to update the existing repository details,200,OK,Github API Performance Testing 1-61,text,true,,8103,304,32,32,https://api.github.com/repos/bharathtechacademy05/JmeterRepo,428,0,0
1781713356017,428,Request to update the existing repository details,200,OK,Github API Performance Testing 1-74,text,true,,8103,304,32,32,https://api.github.com/repos/bharathtechacademy05/JmeterRepo,428,0,0
1781713356020,424,Request to get the existing repository details,200,OK,Github API Performance Testing 1-64,text,true,,7910,217,32,32,https://api.github.com/repos/bharathtechacademy05/JmeterRepo,423,0,0
1781713356020,426,Request to update the existing repository details,200,OK,Github API Performance Testing 1-73,text,true,,8103,304,31,31,https://api.github.com/repos/bharathtechacademy05/JmeterRepo,426,0,0
1781713356018,429,Request to get the existing repository details,200,OK,Github API Performance Testing 1-67,text,true,,7911,217,31,31,https://api.github.com/repos/bharathtechacademy05/JmeterRepo,429,0,0
1781713356018,429,Request to update the existing repository details,200,OK,Github API Performance Testing 1-76,text,true,,8103,304,31,31,https://api.github.com/repos/bharathtechacademy05/JmeterRepo,429,0,0
1781713355741,707,Request to get the existing repository details,200,OK,Github API Performance Testing 1-79,text,true,,7912,217,31,31,https://api.github.com/repos/bharathtechacademy05/JmeterRepo,706,0,303
1781713356045,403,Request to get the existing repository details,200,OK,Github API Performance Testing 1-59,text,true,,7912,217,31,31,https://api.github.com/repos/bharathtechacademy05/JmeterRepo,403,0,0
1781713356020,424,Request to update the existing repository details,200,OK,Github API Performance Testing 1-58,text,true,,8102,304,32,32,https://api.github.com/repos/bharathtechacademy05/JmeterRepo,423,0,0
1781713356019,425,Request to update the existing repository details,200,OK,Github API Performance Testing 1-77,text,true,,8102,304,32,32,https://api.github.com/repos/bharathtechacademy05/JmeterRepo,424,0,0
1781713355840,607,Request to get the existing repository details,200,OK,Github API Performance Testing 1-80,text,true,,7912,217,31,31,https://api.github.com/repos/bharathtechacademy05/JmeterRepo,607,0,211
1781713356051,396,Request to update the existing repository details,200,OK,Github API Performance Testing 1-65,text,true,,8103,304,31,31,https://api.github.com/repos/bharathtechacademy05/JmeterRepo,396,0,0
1781713356020,430,Request to update the existing repository details,200,OK,Github API Performance Testing 1-75,text,true,,8103,304,31,31,https://api.github.com/repos/bharathtechacademy05/JmeterRepo,430,0,0
1781713356033,415,Request to update the existing repository details,200,OK,Github API Performance Testing 1-62,text,true,,8103,304,31,31,https://api.github.com/repos/bharathtechacademy05/JmeterRepo,415,0,0
1781713356018,433,Request to update the existing repository details,200,OK,Github API Performance Testing 1-55,text,true,,8103,304,29,29,https://api.github.com/repos/bharathtechacademy05/JmeterRepo,433,0,0
1781713355940,511,Request to get the existing repository details,200,OK,Github API Performance Testing 1-81,text,true,,7912,217,29,29,https://api.github.com/repos/bharathtechacademy05/JmeterRepo,511,0,110
1781713356017,429,Request to update the existing repository details,200,OK,Github API Performance Testing 1-63,text,true,,8102,304,31,31,https://api.github.com/repos/bharathtechacademy05/JmeterRepo,429,0,0
1781713356044,411,Request to update the existing repository details,200,OK,Github API Performance Testing 1-60,text,true,,8103,304,27,27,https://api.github.com/repos/bharathtechacademy05/JmeterRepo,411,0,0
1781713356018,442,Request to update the existing repository details,200,OK,Github API Performance Testing 1-57,text,true,,8103,304,26,26,https://api.github.com/repos/bharathtechacademy05/JmeterRepo,442,0,0
1781713356095,583,Request to update the existing repository details,200,OK,Github API Performance Testing 1-78,text,true,,8102,304,27,27,https://api.github.com/repos/bharathtechacademy05/JmeterRepo,583,0,0
1781713356041,637,Request to get the existing repository details,200,OK,Github API Performance Testing 1-82,text,true,,7912,217,27,27,https://api.github.com/repos/bharathtechacademy05/JmeterRepo,637,0,62
1781713355726,952,Request to update the existing repository details,200,OK,Github API Performance Testing 1-56,text,true,,8102,304,27,27,https://api.github.com/repos/bharathtechacademy05/JmeterRepo,843,0,0
1781713356216,568,Request to get the existing repository details,200,OK,Github API Performance Testing 1-72,text,true,,7912,217,28,28,https://api.github.com/repos/bharathtechacademy05/JmeterRepo,568,0,0
1781713356448,347,Request to get the existing repository details,200,OK,Github API Performance Testing 1-76,text,true,,7912,217,28,28,https://api.github.com/repos/bharathtechacademy05/JmeterRepo,347,0,0
1781713356452,355,Request to get the existing repository details,200,OK,Github API Performance Testing 1-63,text,true,,7911,217,28,28,https://api.github.com/repos/bharathtechacademy05/JmeterRepo,355,0,0
1781713356447,361,Request to get the existing repository details,200,OK,Github API Performance Testing 1-73,text,true,,7912,217,28,28,https://api.github.com/repos/bharathtechacademy05/JmeterRepo,361,0,0
1781713356450,640,Request to update the existing repository details,200,OK,Github API Performance Testing 1-80,text,true,,8103,304,31,31,https://api.github.com/repos/bharathtechacademy05/JmeterRepo,640,0,0
1781713356446,690,Request to get the existing repository details,200,OK,Github API Performance Testing 1-74,text,true,,7912,217,31,31,https://api.github.com/repos/bharathtechacademy05/JmeterRepo,690,0,0
1781713356445,691,Request to update the existing repository details,200,OK,Github API Performance Testing 1-70,text,true,,8103,304,31,31,https://api.github.com/repos/bharathtechacademy05/JmeterRepo,691,0,0
1781713356448,688,Request to update the existing repository details,200,OK,Github API Performance Testing 1-79,text,true,,8103,304,31,31,https://api.github.com/repos/bharathtechacademy05/JmeterRepo,688,0,0
1781713356450,686,Request to get the existing repository details,200,OK,Github API Performance Testing 1-75,text,true,,7912,217,31,31,https://api.github.com/repos/bharathtechacademy05/JmeterRepo,686,0,0
1781713356241,895,Request to get the existing repository details,200,OK,Github API Performance Testing 1-84,text,true,,7912,217,31,31,https://api.github.com/repos/bharathtechacademy05/JmeterRepo,895,0,331
1781713356451,686,Request to update the existing repository details,200,OK,Github API Performance Testing 1-67,text,true,,8102,304,30,30,https://api.github.com/repos/bharathtechacademy05/JmeterRepo,686,0,0
1781713356449,688,Request to update the existing repository details,200,OK,Github API Performance Testing 1-59,text,true,,8103,304,30,30,https://api.github.com/repos/bharathtechacademy05/JmeterRepo,688,0,0
1781713356020,1117,Request to get the existing repository details,200,OK,Github API Performance Testing 1-71,text,true,,7912,217,30,30,https://api.github.com/repos/bharathtechacademy05/JmeterRepo,1117,0,0
1781713356450,686,Request to get the existing repository details,200,OK,Github API Performance Testing 1-77,text,true,,7911,217,31,31,https://api.github.com/repos/bharathtechacademy05/JmeterRepo,686,0,0
1781713356343,794,Request to get the existing repository details,200,OK,Github API Performance Testing 1-85,text,true,,7912,217,28,28,https://api.github.com/repos/bharathtechacademy05/JmeterRepo,794,0,228
1781713356678,459,Request to update the existing repository details,200,OK,Github API Performance Testing 1-82,text,true,,8103,304,28,28,https://api.github.com/repos/bharathtechacademy05/JmeterRepo,459,0,0
1781713356678,460,Request to get the existing repository details,200,OK,Github API Performance Testing 1-78,text,true,,7911,217,28,28,https://api.github.com/repos/bharathtechacademy05/JmeterRepo,459,0,0
1781713356452,684,Request to update the existing repository details,200,OK,Github API Performance Testing 1-81,text,true,,8103,304,31,31,https://api.github.com/repos/bharathtechacademy05/JmeterRepo,684,0,0
1781713356678,570,Request to get the existing repository details,200,OK,Github API Performance Testing 1-56,text,true,,7911,217,30,30,https://api.github.com/repos/bharathtechacademy05/JmeterRepo,459,0,0
1781713356541,707,Request to get the existing repository details,200,OK,Github API Performance Testing 1-87,text,true,,7912,217,30,30,https://api.github.com/repos/bharathtechacademy05/JmeterRepo,707,0,247
1781713356785,463,Request to update the existing repository details,200,OK,Github API Performance Testing 1-72,text,true,,8103,304,30,30,https://api.github.com/repos/bharathtechacademy05/JmeterRepo,463,0,0
1781713356795,454,Request to update the existing repository details,200,OK,Github API Performance Testing 1-76,text,true,,8103,304,30,30,https://api.github.com/repos/bharathtechacademy05/JmeterRepo,454,0,0
1781713356807,443,Request to update the existing repository details,200,OK,Github API Performance Testing 1-63,text,true,,8102,304,28,28,https://api.github.com/repos/bharathtechacademy05/JmeterRepo,443,0,0
1781713356446,829,Request to update the existing repository details,200,OK,Github API Performance Testing 1-64,text,true,,8101,304,27,27,https://api.github.com/repos/bharathtechacademy05/JmeterRepo,644,0,0
1781713354440,2836,Request to get the existing repository details,200,OK,Github API Performance Testing 1-66,text,true,,7912,217,26,26,https://api.github.com/repos/bharathtechacademy05/JmeterRepo,2810,0,2377
1781713356140,1136,Request to get the existing repository details,200,OK,Github API Performance Testing 1-83,text,true,,7912,217,26,26,https://api.github.com/repos/bharathtechacademy05/JmeterRepo,1108,0,676
1781713356808,473,Request to update the existing repository details,200,OK,Github API Performance Testing 1-73,text,true,,8103,304,26,26,https://api.github.com/repos/bharathtechacademy05/JmeterRepo,472,0,0
1781713356446,855,Request to update the existing repository details,200,OK,Github API Performance Testing 1-69,text,true,,8103,304,25,25,https://api.github.com/repos/bharathtechacademy05/JmeterRepo,802,0,0
1781713356444,891,Request to update the existing repository details,200,OK,Github API Performance Testing 1-68,text,true,,8103,304,24,24,https://api.github.com/repos/bharathtechacademy05/JmeterRepo,838,0,0
1781713357090,394,Request to get the existing repository details,200,OK,Github API Performance Testing 1-80,text,true,,7912,217,25,25,https://api.github.com/repos/bharathtechacademy05/JmeterRepo,394,0,0
1781713357138,369,Request to get the existing repository details,200,OK,Github API Performance Testing 1-81,text,true,,7912,217,25,25,https://api.github.com/repos/bharathtechacademy05/JmeterRepo,369,0,0
1781713357137,380,Request to update the existing repository details,200,OK,Github API Performance Testing 1-77,text,true,,8102,304,25,25,https://api.github.com/repos/bharathtechacademy05/JmeterRepo,379,0,0
1781713357136,382,Request to get the existing repository details,200,OK,Github API Performance Testing 1-79,text,true,,7912,217,24,24,https://api.github.com/repos/bharathtechacademy05/JmeterRepo,380,0,0
1781713357137,392,Request to update the existing repository details,200,OK,Github API Performance Testing 1-71,text,true,,8103,304,24,24,https://api.github.com/repos/bharathtechacademy05/JmeterRepo,392,0,0
1781713357138,392,Request to update the existing repository details,200,OK,Github API Performance Testing 1-78,text,true,,8102,304,23,23,https://api.github.com/repos/bharathtechacademy05/JmeterRepo,392,0,0
1781713357138,398,Request to update the existing repository details,200,OK,Github API Performance Testing 1-85,text,true,,8103,304,22,22,https://api.github.com/repos/bharathtechacademy05/JmeterRepo,398,0,0
1781713357136,405,Request to update the existing repository details,200,OK,Github API Performance Testing 1-75,text,true,,8103,304,22,22,https://api.github.com/repos/bharathtechacademy05/JmeterRepo,405,0,0
1781713357138,404,Request to get the existing repository details,200,OK,Github API Performance Testing 1-82,text,true,,7912,217,22,22,https://api.github.com/repos/bharathtechacademy05/JmeterRepo,403,0,0
1781713357136,412,Request to update the existing repository details,200,OK,Github API Performance Testing 1-84,text,true,,8103,304,22,22,https://api.github.com/repos/bharathtechacademy05/JmeterRepo,410,0,0
1781713357044,569,Request to get the existing repository details,200,OK,Github API Performance Testing 1-92,text,true,,7912,217,22,22,https://api.github.com/repos/bharathtechacademy05/JmeterRepo,569,0,208
1781713356843,775,Request to get the existing repository details,200,OK,Github API Performance Testing 1-90,text,true,,7912,217,22,22,https://api.github.com/repos/bharathtechacademy05/JmeterRepo,775,0,408
1781713356939,705,Request to get the existing repository details,200,OK,Github API Performance Testing 1-91,text,true,,7912,217,23,23,https://api.github.com/repos/bharathtechacademy05/JmeterRepo,705,0,311
1781713357276,379,Request to update the existing repository details,200,OK,Github API Performance Testing 1-83,text,true,,8103,304,23,23,https://api.github.com/repos/bharathtechacademy05/JmeterRepo,378,0,0
1781713357248,411,Request to update the existing repository details,200,OK,Github API Performance Testing 1-56,text,true,,8102,304,23,23,https://api.github.com/repos/bharathtechacademy05/JmeterRepo,384,0,0
1781713357248,417,Request to update the existing repository details,200,OK,Github API Performance Testing 1-87,text,true,,8103,304,22,22,https://api.github.com/repos/bharathtechacademy05/JmeterRepo,417,0,0
1781713357243,534,Request to get the existing repository details,200,OK,Github API Performance Testing 1-94,text,true,,7911,217,23,23,https://api.github.com/repos/bharathtechacademy05/JmeterRepo,534,0,58
1781713357143,634,Request to get the existing repository details,200,OK,Github API Performance Testing 1-93,text,true,,7912,217,23,23,https://api.github.com/repos/bharathtechacademy05/JmeterRepo,634,0,140
1781713356740,1037,Request to get the existing repository details,200,OK,Github API Performance Testing 1-89,text,true,,7912,217,23,23,https://api.github.com/repos/bharathtechacademy05/JmeterRepo,1037,0,536
1781713357276,765,Request to update the existing repository details,200,OK,Github API Performance Testing 1-66,text,true,,8103,304,24,24,https://api.github.com/repos/bharathtechacademy05/JmeterRepo,391,0,0
1781713357536,505,Request to get the existing repository details,200,OK,Github API Performance Testing 1-85,text,true,,7912,217,24,24,https://api.github.com/repos/bharathtechacademy05/JmeterRepo,505,0,0
1781713357644,505,Request to update the existing repository details,200,OK,Github API Performance Testing 1-91,text,true,,8103,304,24,24,https://api.github.com/repos/bharathtechacademy05/JmeterRepo,505,0,0
1781713357543,606,Request to update the existing repository details,200,OK,Github API Performance Testing 1-82,text,true,,8103,304,24,24,https://api.github.com/repos/bharathtechacademy05/JmeterRepo,606,0,0
1781713357518,631,Request to update the existing repository details,200,OK,Github API Performance Testing 1-79,text,true,,8103,304,24,24,https://api.github.com/repos/bharathtechacademy05/JmeterRepo,631,0,0
1781713357542,607,Request to get the existing repository details,200,OK,Github API Performance Testing 1-97,text,true,,7911,217,24,24,https://api.github.com/repos/bharathtechacademy05/JmeterRepo,607,0,75
1781713357485,664,Request to update the existing repository details,200,OK,Github API Performance Testing 1-80,text,true,,8103,304,24,24,https://api.github.com/repos/bharathtechacademy05/JmeterRepo,664,0,0
1781713357613,536,Request to update the existing repository details,200,OK,Github API Performance Testing 1-92,text,true,,8103,304,24,24,https://api.github.com/repos/bharathtechacademy05/JmeterRepo,536,0,0
1781713357444,705,Request to get the existing repository details,200,OK,Github API Performance Testing 1-96,text,true,,7911,217,24,24,https://api.github.com/repos/bharathtechacademy05/JmeterRepo,705,0,61
1781713357548,601,Request to get the existing repository details,200,OK,Github API Performance Testing 1-84,text,true,,7912,217,24,24,https://api.github.com/repos/bharathtechacademy05/JmeterRepo,601,0,0
1781713357618,531,Request to update the existing repository details,200,OK,Github API Performance Testing 1-90,text,true,,8103,304,24,24,https://api.github.com/repos/bharathtechacademy05/JmeterRepo,531,0,0
1781713357656,618,Request to get the existing repository details,200,OK,Github API Performance Testing 1-83,text,true,,7912,217,21,21,https://api.github.com/repos/bharathtechacademy05/JmeterRepo,618,0,0
1781713357136,1138,Request to update the existing repository details,200,OK,Github API Performance Testing 1-74,text,true,,8103,304,21,21,https://api.github.com/repos/bharathtechacademy05/JmeterRepo,1138,0,0
1781713357665,609,Request to get the existing repository details,200,OK,Github API Performance Testing 1-87,text,true,,7912,217,21,21,https://api.github.com/repos/bharathtechacademy05/JmeterRepo,609,0,0
1781713357507,878,Request to update the existing repository details,200,OK,Github API Performance Testing 1-81,text,true,,8103,304,20,20,https://api.github.com/repos/bharathtechacademy05/JmeterRepo,534,0,0
1781713357343,1042,Request to get the existing repository details,200,OK,Github API Performance Testing 1-95,text,true,,7912,217,20,20,https://api.github.com/repos/bharathtechacademy05/JmeterRepo,1042,0,59
1781713357777,608,Request to update the existing repository details,200,OK,Github API Performance Testing 1-93,text,true,,8103,304,20,20,https://api.github.com/repos/bharathtechacademy05/JmeterRepo,608,0,0
1781713357777,608,Request to update the existing repository details,200,OK,Github API Performance Testing 1-89,text,true,,8103,304,20,20,https://api.github.com/repos/bharathtechacademy05/JmeterRepo,608,0,0
1781713357641,744,Request to get the existing repository details,200,OK,Github API Performance Testing 1-98,text,true,,7912,217,20,20,https://api.github.com/repos/bharathtechacademy05/JmeterRepo,744,0,170
1781713357741,644,Request to get the existing repository details,200,OK,Github API Performance Testing 1-99,text,true,,7912,217,20,20,https://api.github.com/repos/bharathtechacademy05/JmeterRepo,644,0,70
1781713356640,1745,Request to get the existing repository details,200,OK,Github API Performance Testing 1-88,text,true,,7912,217,20,19,https://api.github.com/repos/bharathtechacademy05/JmeterRepo,1634,0,993
1781713356440,2087,Request to get the existing repository details,200,OK,Github API Performance Testing 1-86,text,true,,7912,217,19,19,https://api.github.com/repos/bharathtechacademy05/JmeterRepo,1710,0,810
1781713358041,486,Request to get the existing repository details,200,OK,Github API Performance Testing 1-66,text,true,,7912,217,19,19,https://api.github.com/repos/bharathtechacademy05/JmeterRepo,357,0,0
1781713358150,377,Request to get the existing repository details,200,OK,Github API Performance Testing 1-92,text,true,,7912,217,19,19,https://api.github.com/repos/bharathtechacademy05/JmeterRepo,377,0,0
1781713358041,486,Request to update the existing repository details,200,OK,Github API Performance Testing 1-85,text,true,,8103,304,19,19,https://api.github.com/repos/bharathtechacademy05/JmeterRepo,486,0,0
1781713358150,384,Request to get the existing repository details,200,OK,Github API Performance Testing 1-90,text,true,,7912,217,18,18,https://api.github.com/repos/bharathtechacademy05/JmeterRepo,384,0,0
1781713358149,399,Request to get the existing repository details,200,OK,Github API Performance Testing 1-91,text,true,,7912,217,18,18,https://api.github.com/repos/bharathtechacademy05/JmeterRepo,399,0,0
1781713358150,400,Request to update the existing repository details,200,OK,Github API Performance Testing 1-97,text,true,,8102,304,18,18,https://api.github.com/repos/bharathtechacademy05/JmeterRepo,400,0,0
1781713358150,529,Request to update the existing repository details,200,OK,Github API Performance Testing 1-84,text,true,,8103,304,18,18,https://api.github.com/repos/bharathtechacademy05/JmeterRepo,529,0,0
1781713358274,619,Request to update the existing repository details,200,OK,Github API Performance Testing 1-83,text,true,,8103,304,17,17,https://api.github.com/repos/bharathtechacademy05/JmeterRepo,619,0,0
1781713358274,619,Request to update the existing repository details,200,OK,Github API Performance Testing 1-87,text,true,,8103,304,17,17,https://api.github.com/repos/bharathtechacademy05/JmeterRepo,619,0,0
1781713358385,616,Request to update the existing repository details,200,OK,Github API Performance Testing 1-88,text,true,,8103,304,15,15,https://api.github.com/repos/bharathtechacademy05/JmeterRepo,616,0,0
1781713358385,616,Request to update the existing repository details,200,OK,Github API Performance Testing 1-99,text,true,,8103,304,15,15,https://api.github.com/repos/bharathtechacademy05/JmeterRepo,616,0,0
1781713358551,450,Request to get the existing repository details,200,OK,Github API Performance Testing 1-97,text,true,,7911,217,15,15,https://api.github.com/repos/bharathtechacademy05/JmeterRepo,450,0,0
1781713358385,616,Request to update the existing repository details,200,OK,Github API Performance Testing 1-95,text,true,,8103,304,15,15,https://api.github.com/repos/bharathtechacademy05/JmeterRepo,616,0,0
1781713358534,467,Request to update the existing repository details,200,OK,Github API Performance Testing 1-90,text,true,,8103,304,15,15,https://api.github.com/repos/bharathtechacademy05/JmeterRepo,467,0,0
1781713358385,616,Request to get the existing repository details,200,OK,Github API Performance Testing 1-89,text,true,,7912,217,15,15,https://api.github.com/repos/bharathtechacademy05/JmeterRepo,616,0,0
1781713358548,453,Request to update the existing repository details,200,OK,Github API Performance Testing 1-91,text,true,,8103,304,15,15,https://api.github.com/repos/bharathtechacademy05/JmeterRepo,453,0,0
1781713358385,616,Request to get the existing repository details,200,OK,Github API Performance Testing 1-93,text,true,,7912,217,15,15,https://api.github.com/repos/bharathtechacademy05/JmeterRepo,616,0,0
1781713358150,851,Request to update the existing repository details,200,OK,Github API Performance Testing 1-96,text,true,,8102,304,15,15,https://api.github.com/repos/bharathtechacademy05/JmeterRepo,851,0,0
1781713357777,1332,Request to update the existing repository details,200,OK,Github API Performance Testing 1-94,text,true,,8102,304,13,13,https://api.github.com/repos/bharathtechacademy05/JmeterRepo,1224,0,0
1781713358385,724,Request to update the existing repository details,200,OK,Github API Performance Testing 1-98,text,true,,8103,304,13,13,https://api.github.com/repos/bharathtechacademy05/JmeterRepo,724,0,0
1781713358527,690,Request to update the existing repository details,200,OK,Github API Performance Testing 1-66,text,true,,8103,304,13,13,https://api.github.com/repos/bharathtechacademy05/JmeterRepo,474,0,0
1781713358527,690,Request to update the existing repository details,200,OK,Github API Performance Testing 1-92,text,true,,8103,304,13,13,https://api.github.com/repos/bharathtechacademy05/JmeterRepo,690,0,0
1781713358527,830,Request to update the existing repository details,200,OK,Github API Performance Testing 1-86,text,true,,8103,304,11,11,https://api.github.com/repos/bharathtechacademy05/JmeterRepo,474,0,0
1781713359001,373,Request to get the existing repository details,200,OK,Github API Performance Testing 1-88,text,true,,7912,217,11,11,https://api.github.com/repos/bharathtechacademy05/JmeterRepo,373,0,0
1781713359001,377,Request to update the existing repository details,200,OK,Github API Performance Testing 1-89,text,true,,8103,304,11,11,https://api.github.com/repos/bharathtechacademy05/JmeterRepo,377,0,0
1781713359001,377,Request to get the existing repository details,200,OK,Github API Performance Testing 1-99,text,true,,7912,217,11,11,https://api.github.com/repos/bharathtechacademy05/JmeterRepo,377,0,0
1781713359001,385,Request to update the existing repository details,200,OK,Github API Performance Testing 1-97,text,true,,8102,304,10,10,https://api.github.com/repos/bharathtechacademy05/JmeterRepo,385,0,0
1781713359002,602,Request to get the existing repository details,200,OK,Github API Performance Testing 1-96,text,true,,7911,217,9,9,https://api.github.com/repos/bharathtechacademy05/JmeterRepo,602,0,0
1781713359110,494,Request to get the existing repository details,200,OK,Github API Performance Testing 1-98,text,true,,7912,217,9,9,https://api.github.com/repos/bharathtechacademy05/JmeterRepo,494,0,0
1781713359109,522,Request to get the existing repository details,200,OK,Github API Performance Testing 1-94,text,true,,7911,217,9,9,https://api.github.com/repos/bharathtechacademy05/JmeterRepo,495,0,0
1781713359001,630,Request to get the existing repository details,200,OK,Github API Performance Testing 1-95,text,true,,7912,217,9,9,https://api.github.com/repos/bharathtechacademy05/JmeterRepo,630,0,0
1781713359002,668,Request to update the existing repository details,200,OK,Github API Performance Testing 1-93,text,true,,8103,304,9,9,https://api.github.com/repos/bharathtechacademy05/JmeterRepo,495,0,0
1781713359378,376,Request to update the existing repository details,200,OK,Github API Performance Testing 1-99,text,true,,8103,304,8,8,https://api.github.com/repos/bharathtechacademy05/JmeterRepo,376,0,0
1781713359357,405,Request to get the existing repository details,200,OK,Github API Performance Testing 1-86,text,true,,7912,217,7,7,https://api.github.com/repos/bharathtechacademy05/JmeterRepo,378,0,0
1781713359374,394,Request to update the existing repository details,200,OK,Github API Performance Testing 1-88,text,true,,8103,304,7,7,https://api.github.com/repos/bharathtechacademy05/JmeterRepo,394,0,0
1781713357841,2055,Request to get the existing repository details,200,OK,Github API Performance Testing 1-100,text,true,,7912,217,6,6,https://api.github.com/repos/bharathtechacademy05/JmeterRepo,2028,0,435
1781713359604,389,Request to update the existing repository details,200,OK,Github API Performance Testing 1-98,text,true,,8103,304,6,6,https://api.github.com/repos/bharathtechacademy05/JmeterRepo,389,0,0
1781713359604,394,Request to update the existing repository details,200,OK,Github API Performance Testing 1-96,text,true,,8102,304,5,5,https://api.github.com/repos/bharathtechacademy05/JmeterRepo,394,0,0
1781713359631,378,Request to update the existing repository details,200,OK,Github API Performance Testing 1-94,text,true,,8102,304,4,4,https://api.github.com/repos/bharathtechacademy05/JmeterRepo,378,0,0
1781713359631,425,Request to update the existing repository details,200,OK,Github API Performance Testing 1-95,text,true,,8103,304,3,3,https://api.github.com/repos/bharathtechacademy05/JmeterRepo,398,0,0
1781713359762,401,Request to update the existing repository details,200,OK,Github API Performance Testing 1-86,text,true,,8103,304,2,2,https://api.github.com/repos/bharathtechacademy05/JmeterRepo,374,0,0
1781713359896,440,Request to update the existing repository details,200,OK,Github API Performance Testing 1-100,text,true,,8103,304,1,1,https://api.github.com/repos/bharathtechacademy05/JmeterRepo,412,0,0
1781713360337,382,Request to get the existing repository details,200,OK,Github API Performance Testing 1-100,text,true,,7912,217,1,1,https://api.github.com/repos/bharathtechacademy05/JmeterRepo,381,0,0
1781713360719,378,Request to update the existing repository details,200,OK,Github API Performance Testing 1-100,text,true,,8103,304,1,1,https://api.github.com/repos/bharathtechacademy05/JmeterRepo,378,0,0
